,Anxiety,AnxietyDepression,COVID19_support,COVID19positive,LivingAlone,SuicideWatch,depression,depression_help,relationship_advice,socialanxiety
Anxiety,293,40,0,6,3,9,11,19,10,25
AnxietyDepression,69,82,2,2,8,12,28,36,11,21
COVID19_support,9,2,196,60,4,3,4,3,2,0
COVID19positive,5,2,57,248,3,2,1,2,1,2
LivingAlone,3,1,1,0,163,2,2,4,1,4
SuicideWatch,6,2,0,1,1,278,78,28,16,5
depression,17,28,1,0,5,124,158,74,20,17
depression_help,5,27,1,0,4,57,57,111,19,9
relationship_advice,0,0,4,0,4,1,2,1,365,1
socialanxiety,11,7,0,0,8,8,14,4,5,219
